movie_id,title,release_year,duration_minutes,genre,language,country,rating,num_reviews
M0001,Education mission,1998,91,Sci-Fi,Mandarin,UK,2.9,616
M0002,Yet might close,2019,167,Sci-Fi,English,South Korea,1.2,64903
M0003,Someone dinner,2005,85,Documentary,Spanish,India,6,54640
M0004,Also expect,1985,171,Drama,German,Canada,10,12398
M0005,Company space win,1988,81,Documentary,Korean,China,3.3,6909
M0006,Record coach know,2007,84,Horror,French,India,4.9,92530
M0007,Year three,2006,145,Fantasy,English,UK,2.9,69901
M0008,Ago power force,2003,167,Fantasy,French,Spain,5.1,20154
M0009,In sign small,2015,69,Romance,Hindi,South Korea,7.5,21040
M0010,Half human itself require,2005,127,Sci-Fi,Mandarin,South Korea,7.3,79371
M0011,Performance fish service,2016,176,Crime,English,South Korea,1.1,81848
M0012,Account,1994,74,Documentary,Korean,China,7.2,16331
M0013,Body record must,2010,109,Horror,Mandarin,Germany,6.5,74836
M0014,Significant relate,2004,108,Romance,Japanese,China,7.5,6974
M0015,Early nearly television,2009,91,Sci-Fi,German,France,7.1,24459
M0016,Away woman could season,1980,62,Action,Japanese,UK,2.3,6925
M0017,Build view visit,1989,95,Action,German,Canada,1.1,38566
M0018,Our together,2004,103,Horror,Hindi,Germany,6.1,41442
M0019,Season four history,2013,121,Fantasy,Spanish,France,9.4,9288
M0020,Itself sure ago trial,1991,70,Sci-Fi,Mandarin,China,3.2,8452
M0021,Local stuff,2003,174,Sci-Fi,Hindi,USA,4.5,60744
M0022,Dog road threat,2022,154,Comedy,French,Germany,9.8,52072
M0023,Always team,1980,62,Thriller,Hindi,Canada,3.8,68023
M0024,Alone east,2018,165,Romance,French,UK,3.8,76381
M0025,Understand tree officer would,1999,63,Horror,French,UK,3.5,27552
M0026,Capital baby both,2009,164,Drama,Mandarin,South Korea,9.6,38092
M0027,Authority evidence per small,2015,104,Sci-Fi,English,France,2.4,5372
M0028,Well gun serve,1987,169,Crime,English,Canada,2.8,45267
M0029,Senior themselves garden,2007,74,Romance,German,Germany,6.3,48037
M0030,Activity be,2022,174,Documentary,Korean,USA,5.1,70227
M0031,Room vote,1992,139,Thriller,Korean,Canada,8.1,71832
M0032,Believe scene,2006,83,Crime,English,Canada,1.5,15356
M0033,Similar community,1995,120,Comedy,Korean,UK,4.1,35839
M0034,Civil early food,2015,165,Fantasy,Spanish,India,8.3,45775
M0035,Church admit,1992,175,Sci-Fi,French,India,1.2,97481
M0036,Perform argue,1987,145,Sci-Fi,German,UK,6.7,15626
M0037,Gun easy,2012,146,Horror,Hindi,China,7.1,15014
M0038,I walk field,1990,144,Drama,Korean,Japan,7.4,49174
M0039,So level share race,2016,153,Documentary,English,South Korea,3.4,65104
M0040,Live true,1980,82,Action,English,South Korea,4.3,55212
M0041,Blood take,2008,94,Drama,Korean,Japan,9.1,65888
M0042,Respond bag finish,2001,132,Romance,Spanish,UK,1.9,95867
M0043,Audience say factor,2009,89,Thriller,Korean,USA,6.2,31948
M0044,Late character be,2012,61,Fantasy,Hindi,USA,9,7658
M0045,Do town she,2008,84,Sci-Fi,Spanish,Germany,5.9,15148
M0046,Method enough cut,1996,92,Drama,Hindi,UK,6.8,7019
M0047,Another sit night,1988,60,Comedy,Spanish,India,5.3,83125
M0048,Situation method,2000,177,Crime,Mandarin,UK,1.8,32619
M0049,Nice the,1996,141,Comedy,Hindi,Japan,3,84715
M0050,Way man deal,2002,81,Drama,Mandarin,Japan,8.6,87961
M0051,List war ability,2002,137,Documentary,Hindi,USA,3.9,74526
M0052,Stuff key card,1998,169,Horror,Japanese,South Korea,9.6,70923
M0053,Outside very sense,2020,144,Sci-Fi,Korean,France,2.8,45555
M0054,Across always,1998,130,Documentary,German,Spain,5.8,52973
M0055,Government rest consumer,2024,112,Comedy,Korean,Japan,2.2,21666
M0056,Together theory myself example,1995,130,Documentary,Spanish,Germany,4.6,6326
M0057,Debate along indicate,2024,137,Action,German,UK,4.2,24406
M0058,Discussion agency,2021,68,Drama,English,UK,7.9,21854
M0059,Agency condition suffer,2013,145,Horror,English,Japan,4.4,88817
M0060,Attorney else Congress,1988,148,Romance,Hindi,UK,2,47316
M0061,Statement physical their for,1985,98,Action,Spanish,India,5.4,25660
M0062,Again for,2021,153,Sci-Fi,Korean,France,4.4,41162
M0063,They order,2018,157,Horror,Spanish,China,9.5,46211
M0064,Room produce president,1990,62,Comedy,French,India,9.8,37973
M0065,Everything,1990,72,Action,French,India,9,8878
M0066,Provide site yeah,2019,174,Horror,French,China,7,12740
M0067,Side consumer difficult,1994,64,Sci-Fi,English,Japan,9.8,23572
M0068,Team learn,1985,132,Thriller,English,Spain,6.2,39671
M0069,Myself Democrat blue,1986,169,Documentary,Hindi,USA,1.9,10305
M0070,Him career mother,2017,139,Romance,Japanese,Canada,8.3,99727
M0071,Everyone too,1990,99,Romance,Korean,China,3.1,48697
M0072,Scientist themselves,2021,130,Thriller,German,Spain,9.3,73640
M0073,Do involve tend,2024,93,Romance,English,Japan,3.2,729
M0074,Wall traditional,2002,96,Thriller,English,Canada,7.3,85818
M0075,Wonder around every,1987,61,Fantasy,French,USA,6.8,92129
M0076,International million policy study,1991,170,Romance,Spanish,UK,9.6,22750
M0077,Key ever parent at,1995,114,Sci-Fi,Japanese,South Korea,7.3,93771
M0078,Always each stage,2016,74,Action,German,China,7.8,16162
M0079,Job hour shake,2015,171,Documentary,English,France,4.1,96037
M0080,Writer local,2022,102,Thriller,English,Japan,3,10331
M0081,Science chair manager fear,1993,109,Fantasy,German,China,3.5,47576
M0082,Another piece model,2002,82,Romance,Hindi,Spain,6.1,91346
M0083,Quality however,1989,145,Comedy,French,USA,7.4,63081
M0084,Word market,2019,131,Documentary,Mandarin,Spain,6.4,70810
M0085,Book return,1992,127,Drama,German,France,9.3,14496
M0086,Herself international artist,2009,70,Documentary,English,France,5,71781
M0087,Some put,2007,146,Drama,Korean,China,5.1,89835
M0088,Research soldier,2000,98,Comedy,Japanese,South Korea,7.7,72894
M0089,Happen study finally throw,1993,106,Sci-Fi,French,France,7.2,47131
M0090,How receive,2022,60,Romance,German,South Korea,5.8,49771
M0091,Stand could,1994,65,Comedy,French,China,2.6,86164
M0092,Oil new specific,2007,162,Romance,French,Canada,7.9,67693
M0093,Ground just seven,1990,133,Horror,German,China,3.1,16353
M0094,Least note religious,2002,161,Thriller,Mandarin,UK,9.7,56494
M0095,Able,1995,134,Fantasy,Mandarin,Canada,6.8,41383
M0096,Foot where management,1987,94,Fantasy,Hindi,South Korea,6.1,55348
M0097,Wish article,2015,159,Documentary,Mandarin,France,8.5,22380
M0098,Time,2016,106,Sci-Fi,Japanese,Spain,8.6,90463
M0099,Skill front unit,2024,110,Action,Korean,Canada,7.9,18261
M0100,This value way probably,2021,80,Documentary,Japanese,India,2,99333
M0101,Manager between space,2019,139,Documentary,French,France,5.4,21076
M0102,Vote drug,2004,103,Drama,French,India,3.3,21054
M0103,Option team send activity,2009,84,Horror,Spanish,USA,5.5,17706
M0104,Including out nature,1980,176,Crime,Spanish,China,7.4,52818
M0105,Billion yard,1986,73,Horror,Japanese,France,3.1,51443
M0106,Which north feeling,1983,135,Documentary,French,Spain,5.9,85874
M0107,Medical hear,2009,150,Sci-Fi,Japanese,Germany,9.4,34109
M0108,Wear treatment American,2021,103,Fantasy,Mandarin,UK,6.8,45178
M0109,Create throughout as,2019,156,Action,Hindi,France,4.5,23615
M0110,As bring,2007,106,Horror,Japanese,India,7.3,1586
M0111,Director,2003,105,Thriller,Japanese,India,3.8,98483
M0112,Doctor debate lead with,2013,125,Thriller,Spanish,China,9.3,88622
M0113,Everyone,1981,177,Drama,English,Canada,7.9,59596
M0114,Whether glass head because,2017,137,Romance,Mandarin,India,3.6,67757
M0115,Society a,2007,73,Comedy,Korean,Germany,8.8,54221
M0116,Improve change,1997,99,Drama,Korean,UK,3.9,83843
M0117,Suggest American interview,1989,174,Horror,English,South Korea,3.3,63159
M0118,Quality wind inside,1992,156,Horror,German,Japan,5.6,60045
M0119,About space member,1980,149,Fantasy,French,UK,3,74359
M0120,Suffer ball simply,1984,129,Comedy,German,Germany,7.1,82138
M0121,Fish people,1988,80,Crime,Spanish,France,6,19710
M0122,Around end each,1992,171,Fantasy,English,Spain,3,15424
M0123,Decide agent commercial,2000,69,Comedy,English,UK,3,62517
M0124,Wrong surface,2004,152,Crime,Hindi,USA,2.7,98722
M0125,Worker cause,1982,103,Thriller,Japanese,China,9.3,25379
M0126,Fact,1990,92,Comedy,French,USA,7.5,34249
M0127,Relationship take child,1992,124,Fantasy,Korean,USA,6.6,63837
M0128,Situation its spend exist,1984,155,Action,Spanish,India,8.5,98848
M0129,Smile along,1996,178,Thriller,German,France,9.6,40728
M0130,Idea treat event,2014,141,Romance,Japanese,Canada,8.6,33600
M0131,Court hard section yet,2012,119,Crime,French,Canada,3,80690
M0132,Citizen do although,2004,65,Romance,Spanish,Japan,7.5,71546
M0133,Morning base stuff,2007,83,Crime,Korean,China,8.7,31272
M0134,Perhaps agreement,2003,91,Comedy,German,France,1.9,26278
M0135,Check southern born,1983,177,Action,French,France,2.3,5081
M0136,Hard agent cold,2007,106,Documentary,German,UK,2,69126
M0137,Another reflect,1996,158,Documentary,Mandarin,Canada,9,57347
M0138,Traditional paper,1984,108,Romance,Japanese,Canada,2.2,65560
M0139,Hotel Mr,2009,172,Documentary,Japanese,Germany,6.9,62740
M0140,Member,1984,121,Action,Spanish,India,3.3,95906
M0141,Democratic behavior,1995,152,Fantasy,German,China,6.3,74927
M0142,Speech amount eat official,2006,92,Romance,Mandarin,China,1.5,89213
M0143,Foreign good,1999,164,Action,Japanese,France,6,63981
M0144,Understand western,1988,96,Horror,French,Canada,5.4,25626
M0145,Remain floor,1982,90,Horror,Mandarin,UK,1,60185
M0146,Choice hot cause company,2014,102,Action,Hindi,South Korea,6,36835
M0147,Its lawyer doctor personal,1983,101,Sci-Fi,Mandarin,South Korea,4.3,10205
M0148,Exactly letter,1984,83,Crime,French,India,3.2,46347
M0149,Among yet,1999,77,Documentary,Hindi,UK,8.2,21075
M0150,Still fact find,2012,170,Action,French,Japan,3,6118
M0151,Modern hard,1994,66,Drama,German,Japan,7.1,4660
M0152,Pay measure happen,1999,150,Action,Mandarin,India,4.2,25610
M0153,End foreign,1988,62,Horror,French,Canada,7.4,7997
M0154,Evening participant,1984,165,Sci-Fi,English,India,9,99789
M0155,Avoid rule soldier,1993,88,Comedy,Spanish,India,4.4,77339
M0156,Interesting ten true on,2007,114,Crime,Spanish,Germany,4.1,19401
M0157,Entire,2011,112,Romance,Korean,South Korea,9.9,40490
M0158,Guess similar firm,1991,117,Documentary,German,UK,2.9,11836
M0159,How local part,1997,100,Fantasy,Spanish,Canada,6.6,69293
M0160,Beat his response more,2004,153,Crime,Korean,Spain,7.5,57016
M0161,Up letter themselves who,2021,167,Fantasy,Korean,UK,1.2,38472
M0162,Hit animal,2015,119,Drama,Japanese,Canada,7.7,16925
M0163,Attorney or assume,2007,127,Comedy,Japanese,China,7.5,62964
M0164,World carry pull structure,1998,157,Romance,Mandarin,Germany,2.1,35531
M0165,Have agency recently,2001,151,Documentary,English,Germany,3.9,79665
M0166,Can who take,2019,156,Horror,French,USA,2.3,43911
M0167,Impact provide understand,2011,97,Crime,German,China,9.9,43485
M0168,Point bit put dinner,2012,101,Romance,German,South Korea,1.8,27159
M0169,Year floor,1996,129,Documentary,English,Canada,6.2,54922
M0170,Man once,2006,66,Thriller,Mandarin,Germany,4.9,24747
M0171,Agent material another,1981,83,Documentary,German,Spain,9.3,76185
M0172,Impact story,2022,107,Comedy,Japanese,Japan,8.3,4022
M0173,Minute wrong,2016,180,Horror,Spanish,China,9.5,41934
M0174,Be property,2011,95,Romance,English,Germany,6.1,4307
M0175,Recognize event before,2002,109,Documentary,Hindi,France,2.7,71088
M0176,Chance with,2011,88,Thriller,Korean,France,2.9,66037
M0177,Gun scientist exactly play,2016,168,Horror,Hindi,China,8.6,3703
M0178,Majority front,2012,124,Sci-Fi,Hindi,France,9.6,82231
M0179,Blue industry data,1984,94,Thriller,Mandarin,USA,6.2,32079
M0180,Economic,2024,135,Sci-Fi,Mandarin,Spain,8.1,60985
M0181,Doctor sister,1999,65,Thriller,Spanish,Germany,4.9,49964
M0182,Message remember late,2015,150,Action,German,Germany,5.3,25553
M0183,Away side picture,1980,150,Comedy,Mandarin,USA,6.6,32720
M0184,Tend individual against,1998,124,Fantasy,Japanese,Spain,8.9,11865
M0185,Office key,2011,138,Drama,Japanese,India,7,66553
M0186,Picture bill,1999,113,Romance,English,Canada,9.8,80014
M0187,Teacher policy agent,2016,151,Romance,French,Japan,1.5,22240
M0188,Cause end,2000,74,Fantasy,Korean,India,5.9,59997
M0189,Politics,2013,172,Crime,French,France,1.3,16948
M0190,School new sister,2010,150,Comedy,Spanish,UK,8.6,28051
M0191,He mention,2008,134,Comedy,French,France,8.5,12945
M0192,Possible million instead,1982,69,Comedy,Japanese,Spain,1.1,50982
M0193,Product form discuss chance,2007,117,Romance,Mandarin,Canada,1.8,21028
M0194,Ago class factor,2024,158,Drama,Hindi,Canada,6.2,74944
M0195,Yes here couple product,1985,92,Crime,Mandarin,Spain,6.9,42108
M0196,Fly just own,1988,167,Comedy,English,USA,8.1,81880
M0197,Success deep consider,2011,75,Sci-Fi,German,India,6.8,46406
M0198,Couple animal woman,1995,157,Thriller,Mandarin,China,5.7,62158
M0199,Decide there,2018,141,Crime,Spanish,Canada,3.3,64783
M0200,Character forget,2009,172,Romance,French,Spain,2.9,96540
M0201,Democrat a cost,2000,177,Action,Mandarin,USA,2.7,27658
M0202,Culture it star,1985,166,Documentary,Mandarin,USA,2.2,61959
M0203,Degree late lead,1999,101,Drama,Hindi,France,9.2,67372
M0204,Might break employee,1997,102,Action,Mandarin,Canada,4.1,14971
M0205,Movement live figure,1989,180,Documentary,Korean,USA,7.6,31270
M0206,One,2013,69,Crime,Spanish,France,1.9,57256
M0207,Issue,2010,75,Comedy,Hindi,Japan,8.3,24529
M0208,Whatever,2004,149,Thriller,French,Germany,9.3,22635
M0209,Street fish matter authority,1998,121,Comedy,Hindi,India,3.9,20693
M0210,Study daughter,2017,177,Thriller,English,Spain,5.1,72342
M0211,Sister past per,1996,164,Comedy,Spanish,India,5.4,7537
M0212,Nice goal,1991,70,Horror,German,Spain,4.6,652
M0213,Check wind,1997,178,Horror,Mandarin,Spain,3.1,10653
M0214,Adult bed television,2010,118,Horror,English,France,5.7,67484
M0215,Until perform,2002,82,Sci-Fi,Spanish,South Korea,8.3,63546
M0216,Serve vote,1996,104,Comedy,Korean,India,4.6,46789
M0217,Woman some,2005,95,Horror,Hindi,UK,2.8,48566
M0218,Area,1984,173,Action,Mandarin,India,3.2,86394
M0219,Believe resource a,2009,144,Thriller,Japanese,China,1.8,54674
M0220,Check real public,2024,170,Fantasy,Japanese,UK,7.8,19984
M0221,And task,1999,164,Fantasy,Mandarin,USA,7.9,23174
M0222,Car so,2024,156,Drama,German,Germany,1.2,94725
M0223,Follow pass voice,1985,176,Crime,Korean,USA,9.2,49024
M0224,Month be gun exactly,1994,92,Crime,Mandarin,India,6.4,5769
M0225,Yes exist lose,2017,74,Comedy,French,UK,2.8,3249
M0226,Leave experience,2019,150,Romance,Korean,USA,3.5,92193
M0227,Into necessary west,2018,66,Fantasy,Mandarin,USA,5.6,74577
M0228,Wait fill,2007,142,Drama,English,India,4.7,81737
M0229,Talk,2013,163,Fantasy,Japanese,South Korea,9.5,74139
M0230,Ever answer,1981,141,Drama,French,South Korea,7.4,21379
M0231,Near environmental,1992,118,Fantasy,Spanish,USA,9.1,92615
M0232,Thousand person,1983,146,Sci-Fi,French,USA,5.4,21167
M0233,Adult current yard,2006,97,Comedy,German,France,1,3945
M0234,Article team organization owner,2010,171,Horror,Mandarin,China,9.5,45958
M0235,Ability mission grow,2020,168,Action,Spanish,China,5,23245
M0236,Same consumer,2015,101,Action,Spanish,China,7.3,41410
M0237,Some statement say,2017,91,Crime,Spanish,Germany,5.2,54174
M0238,Through avoid,1980,169,Fantasy,Spanish,Spain,6.6,91661
M0239,Way your,2022,155,Horror,Hindi,Spain,5.6,10208
M0240,Less each even,1984,148,Fantasy,Hindi,South Korea,1.5,59457
M0241,Maybe woman defense,1992,153,Horror,French,UK,7.5,83288
M0242,Environment guess bank our,2003,78,Horror,Japanese,Canada,1.5,96653
M0243,Both simple,2004,121,Drama,German,Spain,6,34783
M0244,Enter throw,1996,110,Fantasy,Mandarin,Japan,3.9,83087
M0245,That call,1988,80,Action,French,China,6.8,60500
M0246,Seek though,1987,168,Fantasy,German,Germany,3,31088
M0247,Seem culture,2022,62,Romance,Korean,South Korea,8.3,33000
M0248,Quickly mind,2000,172,Thriller,Mandarin,USA,4.3,55005
M0249,Financial,2015,115,Horror,German,Spain,6.4,77441
M0250,Also live information,2017,119,Comedy,French,France,3.3,48818
M0251,Site impact,1991,129,Sci-Fi,English,Spain,6,67237
M0252,Alone,1984,92,Horror,Korean,Japan,1.1,93503
M0253,Firm writer,2013,65,Horror,French,UK,2.5,17054
M0254,Including couple represent old,1983,165,Sci-Fi,Hindi,Canada,3.9,44856
M0255,I laugh,2017,129,Romance,French,Germany,5.4,66574
M0256,Store grow house,2018,70,Documentary,Korean,Canada,1.1,73977
M0257,Each argue large,1986,100,Fantasy,Mandarin,France,1.7,45015
M0258,Fill upon name,2015,175,Fantasy,English,Germany,5.3,80773
M0259,Total staff friend,2010,67,Comedy,Spanish,South Korea,6.3,84733
M0260,Over major,1989,110,Thriller,Spanish,Spain,5.8,9238
M0261,Either represent enough Democrat,2000,100,Romance,Japanese,South Korea,5.9,16750
M0262,At camera provide,2004,89,Fantasy,German,UK,3.5,25991
M0263,History opportunity kitchen reveal,2006,123,Horror,French,Spain,5.5,19855
M0264,Middle,2015,149,Fantasy,Spanish,China,2.8,84622
M0265,My whose,1996,73,Sci-Fi,French,USA,2.6,95807
M0266,Worker heavy question,2009,114,Crime,Japanese,South Korea,8.9,98305
M0267,Actually officer foot,2006,159,Comedy,Mandarin,Canada,3.2,32974
M0268,South writer,2014,72,Comedy,Korean,Spain,4,7163
M0269,Woman occur,1997,153,Thriller,Japanese,Canada,9.4,19904
M0270,Past lead somebody,2002,139,Action,Mandarin,South Korea,4.7,44065
M0271,Avoid stage,2007,124,Horror,French,Canada,9.6,12867
M0272,Ball until forward,2019,113,Action,French,Canada,7.1,47032
M0273,Vote cover,2014,75,Action,English,USA,7.4,15452
M0274,Environment provide,2015,174,Thriller,French,USA,3.9,50230
M0275,Score sometimes suffer,1988,71,Documentary,English,China,8.1,18695
M0276,Hear thank,2003,113,Action,English,Japan,7.5,37517
M0277,If relate painting,2007,109,Documentary,Korean,South Korea,3,36264
M0278,Stand early,2009,166,Fantasy,French,Germany,9.5,48314
M0279,Professor compare,2020,145,Horror,French,Japan,6.2,62360
M0280,Identify practice everyone,1983,119,Documentary,Hindi,China,5,4366
M0281,Space as scene,2009,128,Thriller,English,South Korea,4.4,87961
M0282,Much we he decide,2022,141,Sci-Fi,English,Spain,4.3,70693
M0283,Page explain yard,1990,170,Thriller,French,Canada,10,40212
M0284,On,2017,116,Drama,French,India,3,86145
M0285,Several scene,1994,103,Documentary,Korean,China,8.2,83855
M0286,Chance black,2007,146,Crime,French,Spain,9.3,24422
M0287,Their sure,2022,124,Comedy,German,UK,8.3,67584
M0288,Stop seat,1980,121,Action,Mandarin,France,5.3,99015
M0289,Woman weight,2023,170,Documentary,French,South Korea,6,75316
M0290,Energy soldier spend,2012,161,Crime,French,France,7.3,28273
M0291,Hospital Mrs,2015,77,Action,English,Canada,2.7,55754
M0292,Admit be,1997,164,Horror,Japanese,China,6.6,48813
M0293,Education current school,1996,82,Sci-Fi,Japanese,India,5,94858
M0294,Better similar a education,1981,127,Horror,Japanese,UK,5.7,80938
M0295,Watch land attention,2002,117,Documentary,Hindi,UK,8.3,23982
M0296,Morning owner,2003,64,Action,Japanese,China,3.4,30799
M0297,Physical magazine stop us,2001,124,Fantasy,Japanese,Japan,1.5,1888
M0298,Thing attack agree,2019,124,Drama,French,Canada,9.7,59280
M0299,True author as,2023,84,Fantasy,Korean,Japan,6.5,36665
M0300,Work ability huge,2023,126,Crime,Hindi,Spain,2.8,23895
M0301,Seat take score,1985,159,Crime,Spanish,Spain,2.2,69374
M0302,Film paper onto,1996,171,Horror,French,Germany,5.4,12594
M0303,Most,1984,174,Thriller,Korean,UK,1.7,36291
M0304,Speech,1985,81,Drama,German,South Korea,9.3,41703
M0305,Letter south,2019,167,Fantasy,Spanish,Germany,9.1,45841
M0306,Your,2006,112,Sci-Fi,French,South Korea,2.4,62524
M0307,Study choice computer blood,2011,95,Drama,Hindi,India,8.7,5661
M0308,Beyond energy,2018,172,Sci-Fi,Korean,Japan,5.9,40845
M0309,Stand everybody,2003,156,Documentary,French,India,8.3,46935
M0310,After stuff,1995,168,Thriller,Korean,USA,1.3,92149
M0311,History generation,1985,70,Romance,English,Germany,7.4,5080
M0312,Myself environmental,2013,94,Drama,Hindi,India,6.8,59936
M0313,Money,2011,122,Romance,Korean,France,8.9,9312
M0314,Mission do,2022,164,Sci-Fi,Japanese,USA,3.4,82757
M0315,Activity now scene,1987,129,Comedy,Hindi,Japan,9.1,93894
M0316,Real bed,2002,129,Horror,English,Canada,4.8,68296
M0317,Us baby discussion,1987,166,Comedy,French,UK,9.3,16750
M0318,Share power,2010,134,Comedy,Mandarin,China,7.6,28782
M0319,Record rest feeling,1996,108,Thriller,Mandarin,China,8.3,28859
M0320,Order require crime,2003,179,Action,German,France,9,25800
M0321,Everybody ball,1997,93,Fantasy,Hindi,India,5.8,97489
M0322,Director sport police may,2020,86,Comedy,Spanish,France,3.9,53081
M0323,Whole into article,1996,89,Horror,German,Spain,7.1,39748
M0324,Team with,2020,89,Drama,French,India,4.4,72812
M0325,Sort relationship phone,1996,70,Drama,French,France,7.4,24049
M0326,Letter ok particular,2020,144,Romance,English,India,4.4,33804
M0327,Management second listen issue,2013,167,Horror,Mandarin,Spain,2.6,31518
M0328,Relate vote common,2014,64,Fantasy,Korean,India,2.8,19431
M0329,Author social join,1982,111,Horror,Korean,China,4,90676
M0330,Practice property,1988,123,Drama,Japanese,Germany,6.4,17580
M0331,Husband method,2004,156,Fantasy,Mandarin,USA,6.6,71039
M0332,Population account,2021,89,Crime,Korean,South Korea,4.1,35759
M0333,Develop day,1987,101,Thriller,Japanese,Germany,5.2,68508
M0334,Participant manage report,2019,147,Horror,Japanese,Japan,6.1,75199
M0335,Course economy,1994,83,Crime,French,UK,5.5,23536
M0336,Seat sport pretty,1987,81,Sci-Fi,English,Canada,1.9,47651
M0337,Executive stuff none,1988,149,Fantasy,German,Spain,7,25869
M0338,Space pressure,1989,72,Thriller,Hindi,USA,9,57954
M0339,American brother,2009,107,Crime,Japanese,UK,2,99143
M0340,Worker kind do,1986,69,Horror,German,Canada,4.1,12860
M0341,Wear number describe may,2023,89,Action,Korean,Germany,3.3,13300
M0342,Inside economic,2004,116,Drama,Korean,Japan,9.3,17766
M0343,Past similar,2009,89,Horror,Hindi,UK,5.4,96581
M0344,Expert ground miss sense,1984,67,Horror,Hindi,USA,3,38639
M0345,With serve,1996,132,Action,Mandarin,Canada,7.8,30276
M0346,American cold,1984,96,Horror,Hindi,Japan,6.4,26668
M0347,See laugh whole,1985,116,Thriller,Japanese,USA,4.5,1027
M0348,Pretty relationship,1981,126,Sci-Fi,Spanish,Canada,6.9,80142
M0349,Understand reach nation,1987,113,Fantasy,French,Spain,4.9,68912
M0350,Two floor name,2024,136,Drama,Japanese,India,9.5,81584
M0351,Unit station,1992,132,Horror,Mandarin,Canada,6.4,87778
M0352,Six fire,1984,118,Romance,Spanish,India,4.4,69547
M0353,Represent physical,2011,148,Action,German,South Korea,8.4,34764
M0354,Ok movie there never,2022,167,Fantasy,German,USA,9.2,93091
M0355,Theory decide,1981,129,Thriller,German,UK,9.8,39988
M0356,Want table tree,1988,129,Documentary,French,South Korea,6,83000
M0357,Production capital,1982,79,Thriller,Hindi,Japan,1.6,42762
M0358,Their store conference style,1994,92,Sci-Fi,Korean,Germany,1,73189
M0359,Glass,1982,168,Crime,Korean,Spain,5.5,38170
M0360,By exactly,1998,134,Action,French,Spain,9.4,20631
M0361,And majority generation,1989,102,Drama,Spanish,South Korea,5.5,74117
M0362,Security of,2018,174,Documentary,Hindi,Germany,5.8,7458
M0363,Though network,1981,61,Fantasy,German,USA,7.8,52980
M0364,Product marriage,1984,71,Action,Japanese,Japan,4.3,84683
M0365,Congress other,2015,78,Crime,Spanish,USA,7.3,51269
M0366,Investment mother,1992,108,Romance,Japanese,Canada,1,26222
M0367,Cost area find,2004,150,Thriller,French,USA,6.5,5989
M0368,Mind believe call,1988,73,Crime,Mandarin,UK,7.8,77955
M0369,Mrs only,2008,163,Drama,Mandarin,UK,2.2,48155
M0370,Where Republican,1999,143,Documentary,French,China,1.5,39977
M0371,Stage,2009,137,Crime,Spanish,South Korea,9.6,68226
M0372,Drug assume,1989,117,Horror,English,Spain,2.5,33199
M0373,Day hotel,2007,73,Crime,French,USA,7.3,78968
M0374,Region ready,1997,67,Fantasy,Korean,Spain,1.5,57196
M0375,Continue assume,2021,159,Sci-Fi,Korean,Japan,3.4,98923
M0376,Determine situation newspaper,2021,160,Thriller,Korean,China,5.6,99432
M0377,Brother,2011,163,Romance,Mandarin,UK,9.4,48606
M0378,Assume create,1984,66,Drama,English,Spain,4.1,38368
M0379,Training edge project,1990,104,Fantasy,French,Canada,4.7,10438
M0380,Page quite baby,1997,180,Thriller,Korean,UK,3.4,21121
M0381,Parent identify share,1993,114,Fantasy,German,Canada,10,205
M0382,Writer American order,2003,74,Romance,English,India,1.9,78001
M0383,Democrat top our successful,1996,152,Fantasy,Mandarin,USA,3.5,85850
M0384,Fall position,2004,120,Fantasy,French,China,5.7,97786
M0385,Listen establish condition same,1993,119,Sci-Fi,Korean,China,2,3064
M0386,Any pass deep,2021,166,Action,Japanese,South Korea,6.6,60642
M0387,You forward camera,2008,115,Crime,Japanese,Germany,5.3,86569
M0388,Contain bill,2012,115,Romance,Japanese,France,6.8,85100
M0389,Ask analysis,1994,92,Sci-Fi,Hindi,South Korea,8.2,56736
M0390,Cause full,2011,89,Comedy,Korean,Japan,9.7,67902
M0391,Unit outside different,1995,149,Thriller,French,USA,4.1,58714
M0392,Player onto,2000,76,Sci-Fi,Mandarin,India,8.8,36870
M0393,Dream,2006,162,Horror,Japanese,Spain,6,45495
M0394,Film watch many,2004,130,Action,Japanese,USA,6.7,46070
M0395,All,2012,135,Thriller,German,USA,1,89785
M0396,If real,1981,95,Drama,English,Japan,6.5,70468
M0397,Establish police pick,2006,129,Crime,Korean,UK,8.3,10260
M0398,Notice news day,1994,68,Fantasy,English,Japan,8.9,77293
M0399,Stage sit toward,2015,96,Fantasy,Korean,Canada,6.5,52004
M0400,Strategy modern history,1985,72,Romance,Spanish,Spain,2.7,24762
M0401,Artist trial cup,1987,71,Crime,English,Japan,6.8,214
M0402,Pick than,2004,157,Crime,English,South Korea,5.1,40669
M0403,Popular yard hope,2019,165,Thriller,Korean,India,6.3,76921
M0404,Detail hotel town,2011,178,Sci-Fi,Japanese,Spain,1.6,42948
M0405,Investment sign policy,2007,143,Horror,Hindi,UK,5.1,16505
M0406,Rate,2024,168,Horror,French,Canada,1.3,22713
M0407,Technology such,2015,81,Thriller,Hindi,Spain,8.8,61680
M0408,Middle be,1996,180,Fantasy,Spanish,South Korea,8.1,18031
M0409,Degree son,2014,92,Drama,Spanish,France,8.5,35787
M0410,All sometimes,1999,63,Thriller,Mandarin,India,9.7,59833
M0411,Head management,1985,73,Documentary,Hindi,Canada,3.6,50255
M0412,Career,1992,74,Comedy,Japanese,USA,5,59131
M0413,I blood,1984,113,Fantasy,French,UK,5.1,42862
M0414,Responsibility game tonight,2009,171,Romance,Japanese,China,6.5,18781
M0415,Since democratic who,2020,167,Thriller,Hindi,China,1.3,33520
M0416,Which author,2003,96,Romance,Hindi,Canada,4.3,40278
M0417,Within money,1985,130,Documentary,Japanese,Spain,2.6,34859
M0418,Make way character,1991,120,Horror,German,USA,3.1,243
M0419,Site from nature,2002,106,Fantasy,German,UK,4.8,95347
M0420,Control blue,1993,104,Sci-Fi,English,India,9.7,9221
M0421,Stock by early meeting,2010,97,Drama,French,India,8.3,86392
M0422,Each traditional benefit,1989,128,Thriller,Korean,UK,3.7,33420
M0423,Car land picture,2006,62,Fantasy,French,China,8.4,7667
M0424,Production professor whether,1986,72,Drama,Mandarin,Japan,9.8,80278
M0425,On Mrs,2013,118,Romance,Hindi,Spain,3.7,34409
M0426,Traditional alone eye,1989,149,Thriller,Japanese,France,6.9,92310
M0427,Military only radio,2024,84,Horror,French,UK,7,61971
M0428,Environmental special light,2003,177,Romance,Korean,Spain,6.7,22722
M0429,Event industry interesting,1988,145,Action,Hindi,Germany,4.6,6061
M0430,After ago,2002,101,Romance,English,China,4.1,91171
M0431,Talk mind activity,2015,133,Action,French,France,8.1,92084
M0432,Now market half,1991,87,Fantasy,Korean,Japan,1.6,58323
M0433,Mouth among,1980,127,Drama,Korean,Spain,9.4,79349
M0434,While,1982,91,Thriller,Hindi,USA,8.6,96105
M0435,Important trouble grow,1985,110,Romance,Mandarin,Japan,1.7,93034
M0436,Analysis house,2017,129,Documentary,German,Germany,5.5,33677
M0437,Pick phone work,2011,178,Horror,English,India,4.2,96296
M0438,Song art clear,2003,152,Fantasy,English,China,3,71871
M0439,Model,2011,145,Documentary,English,Germany,5.6,11251
M0440,Garden four by,1997,114,Fantasy,Korean,Spain,4.5,40871
M0441,Their father class,2012,123,Crime,Mandarin,Germany,4,2430
M0442,Must because,1981,77,Romance,Mandarin,Canada,3.2,20649
M0443,Type short need,1987,89,Romance,Spanish,Spain,9.2,54928
M0444,Today understand,2024,82,Comedy,German,China,9,11165
M0445,Floor face,2008,150,Documentary,German,France,6.2,98067
M0446,Police structure,1982,170,Thriller,Spanish,France,3,48760
M0447,Sound protect subject,2017,118,Fantasy,Japanese,UK,8.5,822
M0448,In stuff,2009,154,Crime,Korean,Canada,4.5,35071
M0449,Something happen serve,2016,167,Sci-Fi,German,Japan,8.3,74636
M0450,North federal throughout,2021,87,Fantasy,Mandarin,Spain,3.1,81398
M0451,President new apply,1987,154,Drama,Spanish,France,4.6,38117
M0452,Way,1987,64,Crime,Japanese,Spain,6,8160
M0453,Wish ground,2011,89,Documentary,English,UK,3.1,585
M0454,Candidate,1992,87,Drama,Hindi,India,4.5,42376
M0455,Meet him grow,2007,68,Fantasy,Hindi,China,1.3,3871
M0456,Get,2008,103,Thriller,Mandarin,Japan,3.6,40068
M0457,Several answer expect,2005,169,Action,Mandarin,China,9.2,87291
M0458,Girl add,2016,178,Crime,Japanese,France,1.5,19795
M0459,As economy,1991,64,Fantasy,Mandarin,USA,4.9,7343
M0460,Feeling stay,1982,83,Romance,Hindi,South Korea,3.5,59128
M0461,Economic get job,1985,127,Action,Hindi,Germany,5.3,13303
M0462,Market every attack,2023,101,Action,French,Canada,7.9,30828
M0463,Evidence option,2017,102,Thriller,French,France,6.4,87672
M0464,Brother though,2008,122,Documentary,French,China,1.1,74487
M0465,Food mind building,1993,68,Sci-Fi,Spanish,UK,9.3,11988
M0466,Action woman,2002,160,Documentary,Korean,USA,2.4,20868
M0467,When both,2005,138,Action,Korean,South Korea,2.2,94784
M0468,Her teacher woman,1989,140,Crime,Japanese,China,8,45714
M0469,Eight around population,2020,156,Thriller,English,USA,9,95690
M0470,Participant cold level me,2017,157,Horror,German,India,9.5,23925
M0471,Here every,2004,73,Crime,Spanish,Japan,3.5,23071
M0472,Stuff happy small,1991,85,Thriller,German,South Korea,6.5,69534
M0473,Former a,2023,147,Sci-Fi,French,China,7.7,74732
M0474,Music discuss,1996,66,Crime,Spanish,USA,4.1,24373
M0475,Whose choice officer,1992,160,Comedy,Spanish,Spain,9,57650
M0476,Scientist individual,1981,74,Horror,Japanese,South Korea,1.5,17013
M0477,Move main allow religious,2018,139,Comedy,Korean,China,1.1,66244
M0478,Draw,2008,169,Action,German,India,6.1,85159
M0479,Defense improve pick,2022,64,Sci-Fi,Mandarin,China,1.5,87189
M0480,Key,2023,96,Thriller,Korean,UK,2.3,1972
M0481,Start process ball,2013,170,Romance,German,China,7.6,61259
M0482,Listen it,1993,128,Drama,Hindi,South Korea,7.6,100
M0483,Take back,1992,118,Fantasy,Mandarin,Germany,2.6,44065
M0484,Significant ten plan,1999,89,Romance,German,China,4.7,97053
M0485,Go almost game,1991,63,Documentary,German,Japan,6.6,18372
M0486,Forget force store,2010,96,Romance,German,Germany,9.7,66106
M0487,Fire,1997,66,Documentary,French,India,6.3,53952
M0488,General figure,2014,105,Drama,Mandarin,India,5.7,94498
M0489,Six whose without,1985,128,Thriller,Mandarin,South Korea,8.3,79559
M0490,Agency,2005,123,Crime,German,Germany,3.3,69109
M0491,Chair you involve home,1982,171,Drama,Korean,Spain,6.6,23531
M0492,Move do,2014,116,Comedy,French,UK,8,29457
M0493,Seat focus but,2020,159,Horror,French,UK,9,12434
M0494,Win stuff college,1989,74,Action,Korean,South Korea,7.6,77706
M0495,Green thus,2007,169,Fantasy,Mandarin,India,3.8,33233
M0496,Anyone,1987,115,Romance,Mandarin,South Korea,1.6,90334
M0497,Season over everyone agent,1983,122,Crime,Spanish,Japan,6.2,46126
M0498,State low huge,2021,157,Horror,Japanese,China,3.8,28530
M0499,Approach threat,2024,121,Action,Korean,Spain,8.9,3470
M0500,Whatever hear final,2022,177,Romance,Japanese,South Korea,2.7,47266
M0501,Scientist official,2015,136,Thriller,Hindi,Spain,3,43204
M0502,A TV,1993,130,Crime,French,India,2.6,33656
M0503,Main while to,1981,83,Comedy,Mandarin,UK,5.3,11942
M0504,Interest new name,2016,154,Fantasy,Japanese,India,4.1,5782
M0505,Ground media sea,1994,138,Action,Korean,Spain,7.3,20996
M0506,Final leg,2000,78,Comedy,German,Spain,2.9,89955
M0507,Entire,2003,137,Horror,German,Canada,8.9,11846
M0508,Build,2005,84,Crime,Korean,Canada,7.5,15205
M0509,North paper,2009,130,Action,German,Canada,1.4,77418
M0510,Again take purpose,2016,84,Thriller,Mandarin,Germany,4.7,5597
M0511,Tax class,2005,109,Action,Mandarin,UK,4.3,25108
M0512,Red respond,2004,85,Sci-Fi,French,China,2.7,73445
M0513,Tv,2014,126,Fantasy,German,Spain,5.3,28765
M0514,View be light model,2010,171,Sci-Fi,Spanish,Spain,5.4,94444
M0515,Sit deep wish,1985,153,Romance,Hindi,China,8.1,8087
M0516,Foreign beat,1990,126,Romance,English,France,9,8715
M0517,Cup suffer beautiful,2010,68,Thriller,Mandarin,Japan,4.9,454
M0518,Capital art yard,2022,131,Sci-Fi,Mandarin,France,1.7,88368
M0519,Read would look,1983,86,Romance,German,USA,9.3,26502
M0520,Oil,2002,159,Horror,German,India,8.3,19053
M0521,Speech town fly,1991,154,Crime,German,South Korea,8,87129
M0522,Economy still hospital,1982,122,Drama,English,South Korea,9.6,33629
M0523,Base,2009,125,Thriller,Hindi,China,9.8,56017
M0524,Soldier leader,1980,165,Thriller,Japanese,India,3.3,29775
M0525,Road matter skin,2006,145,Documentary,Spanish,Canada,5.7,87178
M0526,Likely star successful,1981,120,Crime,Hindi,USA,2.9,16222
M0527,Budget,1989,127,Horror,French,Canada,10,82912
M0528,Including effort change,1990,171,Thriller,Mandarin,Germany,3.2,32244
M0529,My wear,2004,123,Drama,English,UK,1.7,7564
M0530,Serve rich,1994,118,Fantasy,Korean,India,1.4,7674
M0531,Together thing,1991,85,Drama,Spanish,South Korea,5.4,94793
M0532,Standard final,2018,136,Comedy,Hindi,Japan,9.8,6045
M0533,Large bank,2007,123,Documentary,French,China,8.7,60274
M0534,Per certainly the,1995,153,Horror,English,France,7.8,77898
M0535,Less certainly morning,2024,170,Romance,Spanish,UK,7.9,93448
M0536,Cut coach place business,2011,64,Drama,French,USA,5.1,80204
M0537,Camera out practice,2020,81,Sci-Fi,Hindi,USA,5,26025
M0538,Music,1988,154,Drama,French,Canada,4.9,18028
M0539,Century world show,2007,157,Crime,Hindi,Germany,7.2,66519
M0540,Fire join,2010,93,Documentary,Japanese,Canada,3.5,15453
M0541,Attorney,2015,146,Documentary,Korean,Canada,1.3,81560
M0542,Under food,1984,70,Crime,English,India,9.9,42888
M0543,Break talk source,2013,86,Action,German,USA,8.4,81335
M0544,But middle,1986,100,Action,English,UK,6.2,59400
M0545,Here along,2014,116,Crime,German,UK,5.3,9714
M0546,So ground stand,1986,164,Crime,Mandarin,China,5.4,42270
M0547,Plant matter black,2023,99,Romance,Mandarin,Germany,3.4,9398
M0548,Contain fish smile,1999,72,Fantasy,Japanese,Spain,1.3,18164
M0549,Long expert,2000,159,Documentary,Spanish,UK,9.7,66907
M0550,Head collection small,2001,122,Horror,German,China,8.1,26621
M0551,When they on,1984,89,Drama,Spanish,Canada,7.6,38329
M0552,Look close,1989,108,Romance,Mandarin,Japan,8.4,20541
M0553,Live young,2013,109,Documentary,Korean,China,8.1,65227
M0554,Measure available down,1992,171,Action,French,UK,4.2,22608
M0555,Can answer,1982,159,Comedy,Spanish,South Korea,8.7,17051
M0556,Voice west,2023,178,Thriller,English,Germany,9.8,29553
M0557,On forget,2016,106,Horror,German,Canada,2.6,8576
M0558,Sound ask west get,2020,147,Action,Japanese,USA,4.2,2031
M0559,Up,1997,92,Documentary,Hindi,South Korea,5.3,34755
M0560,Sound you,2004,175,Drama,Japanese,Japan,1.1,20902
M0561,Send although Republican,2002,87,Romance,German,India,9.9,73052
M0562,Front,2006,154,Thriller,German,USA,7.6,58534
M0563,Suddenly beyond,2015,154,Fantasy,English,USA,3.1,74524
M0564,Argue,1990,130,Crime,Korean,Japan,3.9,23220
M0565,Possible smile determine,1980,127,Documentary,English,Spain,3.3,34017
M0566,State teach,2002,156,Sci-Fi,English,UK,1.5,16185
M0567,Human state feel cost,1982,82,Comedy,French,Germany,3.7,2422
M0568,President your,2005,94,Crime,Mandarin,Spain,8.1,66329
M0569,No option for,1987,149,Thriller,Spanish,India,3.9,43756
M0570,Teach community,1983,143,Action,French,China,8.1,96422
M0571,Wife foreign during,2004,161,Documentary,Japanese,Spain,2.3,79128
M0572,Effect away,2018,75,Romance,French,India,4.5,77749
M0573,Time fill,1988,169,Crime,Japanese,India,8.3,65297
M0574,Staff either,2021,176,Drama,Japanese,Germany,8.9,60530
M0575,City garden,2005,147,Horror,Hindi,Spain,6.6,38568
M0576,Song often set,2023,158,Sci-Fi,Spanish,Spain,2.3,91940
M0577,Positive training north allow,1999,94,Romance,Spanish,Germany,8.3,83135
M0578,Exactly source like nothing,2007,123,Sci-Fi,English,UK,3.3,1763
M0579,Like through,2010,74,Documentary,German,Japan,6.1,46173
M0580,Bed color,2010,76,Thriller,English,Canada,6.2,24092
M0581,Rate,1983,66,Horror,Korean,Spain,2.8,5766
M0582,Professional point book,2009,87,Comedy,German,France,2.7,32983
M0583,Peace respond,1982,92,Comedy,English,USA,5,55539
M0584,Already,1987,62,Romance,German,Germany,5.5,73569
M0585,Development bring area,2016,89,Comedy,French,China,6.2,48733
M0586,Or increase much,2021,136,Drama,French,Spain,5.5,53228
M0587,Analysis,2015,62,Comedy,German,France,8.4,66041
M0588,As yeah common house,1981,97,Horror,Spanish,France,7.4,30983
M0589,Huge,2011,69,Crime,Korean,South Korea,2.9,34853
M0590,Available manager chair,2011,90,Comedy,Korean,China,3.3,2337
M0591,Produce difference teach,2003,102,Romance,Korean,Japan,9.8,56936
M0592,Company how member,1986,164,Comedy,Hindi,USA,5.9,28821
M0593,Career per program,2002,72,Crime,Japanese,India,6.8,54889
M0594,Through indicate,1986,111,Crime,French,Germany,4.2,98185
M0595,Improve less imagine,1999,66,Comedy,French,UK,7.9,41533
M0596,Upon small,2009,83,Fantasy,Korean,Japan,7.5,64471
M0597,Work factor training college,2019,111,Crime,Hindi,Spain,3.2,59671
M0598,Kitchen worry pick,1982,87,Horror,Hindi,UK,2.8,51148
M0599,Create wrong like,2018,95,Comedy,French,Japan,2,85784
M0600,Me north place,2001,103,Romance,Hindi,Japan,6.9,46999
M0601,Myself catch,1983,131,Thriller,Hindi,France,4.4,65001
M0602,Drop stage,1994,107,Crime,Japanese,India,2.5,63154
M0603,Positive hand,1982,89,Action,Spanish,USA,7.9,48520
M0604,Foreign challenge across,1996,60,Thriller,Spanish,USA,4.8,89859
M0605,Mention discussion,1984,108,Comedy,German,Japan,3,40947
M0606,Do receive into,2011,176,Crime,Korean,UK,3.3,12294
M0607,Just ok,1991,154,Fantasy,Mandarin,Canada,2.1,73782
M0608,Interesting avoid,1999,139,Documentary,French,Spain,9.9,35530
M0609,Or need,2002,141,Romance,Spanish,France,1.5,76072
M0610,Conference charge policy,2013,115,Horror,Japanese,Germany,8.6,5119
M0611,Candidate couple,1994,124,Sci-Fi,English,France,1.1,37606
M0612,Source movie,1991,73,Horror,Hindi,Canada,4.9,61612
M0613,What stop eight,2003,93,Comedy,Hindi,Spain,9.1,78323
M0614,Short voice,2004,101,Crime,German,Germany,6.1,88166
M0615,Wall particularly,2013,80,Documentary,French,China,6.5,46420
M0616,Time officer,2009,149,Documentary,French,USA,3.1,84469
M0617,Decision morning bill,2009,66,Documentary,Korean,China,9.1,9499
M0618,Full picture,1984,107,Romance,Japanese,Germany,8.3,62954
M0619,Remember student however,2000,97,Horror,Korean,India,3.4,24193
M0620,Guess magazine,2021,60,Comedy,German,South Korea,5.2,19134
M0621,Future near,2013,90,Sci-Fi,French,USA,7.5,21658
M0622,Could tonight believe,1990,121,Horror,French,Spain,6.9,67622
M0623,Center necessary compare,1999,95,Documentary,English,South Korea,9.7,81987
M0624,Man development,2013,121,Sci-Fi,Korean,China,2.6,56864
M0625,Party,2014,115,Fantasy,Hindi,India,9.1,5110
M0626,Part quality trouble,2017,166,Drama,English,UK,7.3,7427
M0627,Data direction growth,2017,90,Drama,Spanish,Germany,8.1,64006
M0628,Answer recently animal,2024,154,Action,English,UK,4.4,56971
M0629,Everybody get maybe teach,2012,61,Comedy,French,Germany,3.9,61890
M0630,Father,2007,62,Comedy,French,Germany,8.8,11944
M0631,Floor want spring thing,1993,128,Thriller,English,India,9.2,75175
M0632,Lose television forward,1983,117,Horror,French,China,7.8,7114
M0633,Sense,1986,124,Thriller,German,France,8.4,4993
M0634,Experience affect nation,1998,106,Thriller,French,Germany,7.1,10313
M0635,Late discuss long gun,2006,179,Action,Spanish,Spain,7.7,35647
M0636,Instead everything shake,1987,153,Fantasy,Japanese,Japan,7.6,36333
M0637,Walk surface,1993,158,Romance,Hindi,Spain,5.7,24135
M0638,Address after,2015,166,Romance,Hindi,India,3.8,31392
M0639,Animal opportunity,2021,117,Action,French,India,3,72073
M0640,Environment it approach,1984,155,Thriller,Korean,Spain,8.9,49209
M0641,A exactly,1986,153,Fantasy,Hindi,India,9.4,54087
M0642,Itself while,2009,174,Romance,Mandarin,Japan,5.8,98190
M0643,Away law,1982,110,Romance,Japanese,India,3.9,17387
M0644,Degree walk,2000,134,Sci-Fi,English,India,8.9,41954
M0645,Doctor task figure,1998,166,Drama,Hindi,Spain,3.7,60354
M0646,Major light partner,1985,77,Action,English,UK,4.6,42243
M0647,Go never,2005,106,Documentary,Japanese,China,7.6,89482
M0648,Last glass describe,1983,82,Documentary,Korean,Germany,7.1,38203
M0649,Head night quality,2011,101,Fantasy,Mandarin,Spain,6.9,23927
M0650,Statement provide,2008,103,Thriller,Japanese,USA,1.1,49825
M0651,However environment,1981,78,Sci-Fi,French,China,3.8,74257
M0652,Compare trip trial specific,2018,133,Romance,German,UK,1.1,10001
M0653,Point drug,2021,168,Documentary,Mandarin,France,4.7,34560
M0654,Bring recently,2005,167,Horror,English,France,1.4,81732
M0655,The commercial,2000,61,Fantasy,Mandarin,China,4.8,33344
M0656,Himself these community,2015,100,Romance,German,UK,3.7,43423
M0657,Decision,1999,159,Drama,Spanish,Canada,1.3,90867
M0658,Bill magazine far,2003,180,Thriller,French,Spain,2.3,95552
M0659,Performance political,2011,134,Action,German,Spain,2.8,834
M0660,Half question ball certainly,1982,86,Drama,German,India,1.3,67632
M0661,Draw kitchen the see,2024,71,Crime,Hindi,UK,4.9,97401
M0662,Picture ever,1981,64,Drama,German,UK,5.3,32656
M0663,Senior film,2000,94,Documentary,Spanish,USA,9.3,93166
M0664,Determine trouble population,1989,118,Comedy,Mandarin,Canada,6.6,60157
M0665,Her marriage feeling,1995,118,Romance,Hindi,South Korea,9,30295
M0666,Single near,1986,102,Action,Japanese,India,7.7,23882
M0667,Go minute assume,1998,155,Comedy,Korean,UK,6.1,35703
M0668,Safe brother find,2020,83,Sci-Fi,Japanese,Japan,3.2,71490
M0669,Such door dinner,2016,78,Crime,Japanese,France,5.6,17234
M0670,Wear,1981,178,Crime,Mandarin,South Korea,6.9,98332
M0671,Increase water ago,1986,82,Action,German,UK,3.4,23536
M0672,Agreement station power under,2011,129,Sci-Fi,Spanish,Japan,5.8,63466
M0673,Hour chair,1988,68,Drama,Spanish,USA,4.9,29698
M0674,Quickly small garden yard,1989,94,Crime,Mandarin,Canada,1.9,89840
M0675,Be,2021,85,Romance,Mandarin,Germany,1.5,36780
M0676,Fish beat,1980,92,Romance,Korean,China,3.8,25294
M0677,Capital half sport,1997,83,Romance,Japanese,Japan,9,14404
M0678,Tough couple produce,1980,84,Sci-Fi,French,Japan,5.9,78381
M0679,Science piece billion,2004,71,Action,Japanese,UK,7.7,17618
M0680,Reason cause visit,2017,78,Romance,Japanese,Canada,5.8,18534
M0681,Beyond,1988,128,Thriller,Mandarin,Spain,7.1,80574
M0682,Site decade,2007,93,Documentary,Mandarin,Japan,6.4,30226
M0683,Firm north,1987,63,Comedy,Spanish,USA,8.6,25146
M0684,Skin role strategy,1996,141,Comedy,Mandarin,Germany,7.9,97677
M0685,Writer Mr main,2011,90,Fantasy,French,India,8.7,59795
M0686,Machine most modern,2019,178,Fantasy,Korean,Japan,9.1,6617
M0687,Thing,2023,151,Action,German,France,3.1,86612
M0688,House particularly affect,1992,130,Drama,Japanese,USA,4,17890
M0689,More social down,2024,103,Drama,English,Japan,9.9,31299
M0690,Behind wall collection,1983,60,Action,German,Japan,2.5,96673
M0691,Carry future,2024,157,Romance,Japanese,Spain,7.9,72666
M0692,Nor least television reality,1994,120,Documentary,English,USA,8,36661
M0693,Church,1997,92,Drama,German,South Korea,8.3,31777
M0694,Generation political,1991,165,Romance,Hindi,France,10,28998
M0695,Analysis,2019,129,Action,French,India,3.8,74790
M0696,Make politics,2009,66,Drama,Korean,Japan,9,19644
M0697,Pm hand,2017,137,Thriller,Korean,India,1,80287
M0698,Live entire,2017,175,Drama,French,South Korea,4.7,87546
M0699,Short again meet,2002,170,Fantasy,German,China,1.3,65048
M0700,Miss happy industry,1991,95,Horror,Japanese,USA,5.5,8264
M0701,Minute watch lay,2013,157,Comedy,Korean,Spain,3.2,55379
M0702,You might reason,2024,133,Sci-Fi,German,Canada,4.3,50859
M0703,Fight half site offer,1998,179,Horror,Korean,India,7.9,39752
M0704,Population heavy to interest,2013,60,Comedy,English,South Korea,3,11200
M0705,Get mean,2016,112,Sci-Fi,Korean,USA,2.6,75107
M0706,This low other,1997,99,Horror,Korean,India,1.9,16188
M0707,Apply name admit,1987,136,Sci-Fi,Korean,Germany,7.4,35297
M0708,I benefit know,2015,88,Crime,English,Germany,4.2,51312
M0709,Huge girl,2009,132,Thriller,Mandarin,UK,9,93049
M0710,Sometimes factor fire,2017,138,Thriller,Spanish,UK,2.3,98106
M0711,Pull particular phone,1993,68,Horror,Korean,UK,8.7,58981
M0712,Third good son,2003,120,Fantasy,Hindi,Spain,4.2,74519
M0713,Life create prepare,2006,91,Fantasy,Mandarin,UK,3.3,28456
M0714,Capital her mention,2021,151,Crime,Hindi,USA,4.7,58410
M0715,Discuss him church note,1995,97,Thriller,Japanese,Japan,1.6,20826
M0716,Protect lead analysis,1990,156,Romance,French,South Korea,4.8,27381
M0717,Notice on off,2005,116,Documentary,English,USA,7.3,73250
M0718,Meeting bed,2023,116,Thriller,Japanese,South Korea,5.4,66816
M0719,Look,2023,167,Comedy,Korean,South Korea,5.7,50761
M0720,Which site camera,1986,102,Horror,Japanese,Germany,6.9,11716
M0721,Clearly they analysis,2016,119,Sci-Fi,English,Germany,2.4,16665
M0722,Option TV stock,2010,98,Romance,Hindi,Japan,5.7,95261
M0723,Consumer guy,2005,75,Thriller,French,Germany,6.4,13697
M0724,Light place leg,2011,137,Drama,Spanish,Spain,7.4,28539
M0725,Provide beyond reflect,1993,128,Thriller,Korean,Japan,5.3,79467
M0726,Until population,1990,118,Action,Hindi,Canada,3,22729
M0727,Air include between democratic,1993,86,Fantasy,English,Spain,8.3,18812
M0728,Everyone answer,1986,71,Fantasy,German,USA,8.3,20380
M0729,Actually wife career,2003,101,Comedy,Mandarin,India,4.9,67434
M0730,Music often,2014,132,Thriller,Hindi,Germany,2.4,30647
M0731,Arrive economy shoulder,2019,61,Action,German,Japan,2.1,24427
M0732,Whose camera,1998,159,Romance,Spanish,Germany,6.4,4167
M0733,Drug win,1990,126,Documentary,Japanese,USA,4.8,16558
M0734,Market detail image,1992,84,Romance,Korean,UK,3.6,76805
M0735,Less discussion true,1998,161,Comedy,Mandarin,Germany,9.9,82383
M0736,News staff trip,1985,88,Fantasy,Hindi,USA,3.2,53041
M0737,Anyone not,1982,179,Sci-Fi,Mandarin,USA,8.9,94364
M0738,Over race,2016,62,Thriller,Mandarin,Canada,7.1,55964
M0739,Trade occur,2003,99,Horror,Hindi,USA,1.5,91377
M0740,During,1994,122,Fantasy,Hindi,Spain,2.7,36863
M0741,Different work ask,1998,129,Horror,Spanish,India,5.1,28005
M0742,Bank who,2008,75,Horror,English,Spain,3.7,47437
M0743,Process option,2001,77,Thriller,Spanish,USA,10,93562
M0744,Option imagine,2022,98,Action,French,China,2.3,14838
M0745,Accept fine senior,1999,172,Fantasy,Japanese,Spain,1.9,47942
M0746,Inside get early,2014,94,Comedy,French,Canada,4.9,66646
M0747,Simply free bed,1999,84,Drama,German,Spain,6.1,35453
M0748,Shake,2013,152,Documentary,German,France,6.6,78579
M0749,Public night interview,2010,66,Thriller,Spanish,South Korea,5.7,90377
M0750,Force compare American,2023,138,Fantasy,English,India,9.7,18833
M0751,Sometimes marriage,1985,69,Romance,English,Japan,1.3,21353
M0752,Treat bill,2017,64,Sci-Fi,English,India,1.3,48513
M0753,Yes you east,2024,174,Sci-Fi,Korean,China,2.7,94968
M0754,Answer seven fine,1988,124,Crime,Japanese,Spain,7.5,97115
M0755,Record thousand exist certainly,1981,177,Sci-Fi,Mandarin,Canada,5.3,6808
M0756,Wide up administration,2019,172,Romance,German,China,4.8,63530
M0757,Drive story environment,1997,80,Horror,Korean,Germany,7.6,10453
M0758,Rule any begin,2023,106,Sci-Fi,Mandarin,India,5.6,82645
M0759,His analysis,2020,175,Drama,German,India,1.3,90209
M0760,Certainly,2024,113,Sci-Fi,Korean,Japan,9.3,18566
M0761,Always pass us,2009,71,Thriller,Mandarin,South Korea,9.9,72279
M0762,Worker the,1991,61,Sci-Fi,French,Spain,4,63207
M0763,Cup executive,2015,79,Documentary,English,India,2.1,95032
M0764,Class go could,1982,90,Documentary,English,Germany,1.5,9509
M0765,Development study think,2022,156,Drama,English,Canada,7.1,52452
M0766,Measure suddenly better,2001,114,Action,Hindi,Japan,7.3,78659
M0767,Arrive front them,2012,82,Documentary,Hindi,Spain,6.2,38938
M0768,Current weight,2019,172,Romance,Mandarin,Canada,9,41103
M0769,Professional,1996,147,Drama,Hindi,UK,6.2,64932
M0770,Structure campaign,2010,92,Drama,French,China,3.7,31296
M0771,Worry gun small,2005,167,Horror,Korean,Spain,1.5,5502
M0772,Beyond shake imagine,2023,97,Crime,Mandarin,USA,5.3,24220
M0773,Buy total note,1995,90,Thriller,English,India,6.2,8731
M0774,Add today example,1998,80,Horror,Korean,UK,4.4,1822
M0775,Make approach level,1989,143,Thriller,Korean,South Korea,3.1,91468
M0776,Official form,2024,150,Fantasy,English,South Korea,7,8538
M0777,Room perform law,1990,153,Comedy,German,India,5.5,93352
M0778,Three indeed,2024,84,Fantasy,Japanese,UK,8.2,7927
M0779,Nice could run,2005,109,Drama,Mandarin,UK,5.9,4057
M0780,Property,1986,110,Documentary,English,France,9,84354
M0781,Suggest discussion,2001,153,Comedy,Japanese,Germany,1.6,60522
M0782,Recognize PM,1987,162,Comedy,German,Spain,3.7,64413
M0783,First need we,1984,144,Horror,Japanese,France,1.2,57844
M0784,Alone crime,2007,115,Comedy,Korean,South Korea,10,53849
M0785,Check year,2015,127,Action,Mandarin,USA,8.1,52596
M0786,Pass star heavy,2012,155,Horror,Hindi,India,2.5,1863
M0787,Maintain approach peace,2004,180,Comedy,Mandarin,South Korea,8.7,60598
M0788,Effect policy finally,2011,172,Thriller,German,China,8.3,79666
M0789,Major religious,2019,174,Thriller,German,USA,3.5,47582
M0790,Increase American station,2000,175,Sci-Fi,Spanish,Germany,6.3,76184
M0791,Fall media table,2003,154,Comedy,German,Japan,2.9,99654
M0792,Risk through group,2015,130,Sci-Fi,German,Japan,5.6,31043
M0793,Wife letter safe,1993,112,Sci-Fi,Spanish,India,3.7,63533
M0794,Late figure,1995,155,Romance,Hindi,Germany,4.8,46059
M0795,Threat wrong TV,2003,108,Horror,English,South Korea,3.1,17762
M0796,After protect,2018,152,Comedy,French,Spain,5.3,62312
M0797,Candidate type hard gun,2004,163,Romance,Mandarin,Japan,6.8,29272
M0798,Remain all,1984,161,Fantasy,Mandarin,China,5.9,78859
M0799,Necessary leader picture few,2008,96,Crime,Korean,China,7.9,88267
M0800,Agree would Mrs,2005,111,Action,Mandarin,UK,4.5,75633
M0801,Next skill speak other,2024,177,Thriller,Spanish,Spain,8.8,15114
M0802,Position whom market,1988,126,Comedy,Japanese,France,2.2,27652
M0803,Night really heart,2006,144,Fantasy,Mandarin,UK,4.7,45702
M0804,Recent law,1988,137,Sci-Fi,Mandarin,Japan,7.2,21416
M0805,Long market several,1987,91,Sci-Fi,Hindi,Japan,2.2,19485
M0806,Policy environmental,1986,106,Romance,English,Canada,2.6,13141
M0807,House himself sport,2016,75,Drama,German,Spain,9.2,51045
M0808,Well itself stand term,2017,61,Horror,Korean,France,5.1,17692
M0809,Rock know eat,2003,151,Drama,Japanese,UK,9.2,83312
M0810,Professional despite,2002,108,Documentary,Mandarin,South Korea,2.4,8922
M0811,Five economic law off,1988,167,Thriller,Hindi,China,8.6,29849
M0812,Big skin,1990,125,Action,Mandarin,Spain,6.7,42502
M0813,Century the along,2005,178,Sci-Fi,German,USA,3.8,56431
M0814,Account what one,2003,110,Comedy,French,USA,4.9,65861
M0815,Skin pay middle computer,2001,120,Crime,German,UK,9.8,68081
M0816,Human seven,2019,97,Drama,Korean,India,9.9,64217
M0817,Foot forget yet,1986,174,Thriller,Mandarin,Spain,2.4,20714
M0818,Western page own,2021,147,Comedy,German,France,4.6,82564
M0819,Security challenge,2023,135,Sci-Fi,Mandarin,USA,1.8,65789
M0820,Discuss care policy,2002,89,Sci-Fi,Korean,India,5.7,91053
M0821,Reduce form,2014,87,Crime,English,Germany,4.9,18333
M0822,Call late chance,2023,84,Action,Hindi,USA,3.3,22677
M0823,Involve,2003,148,Crime,French,China,7.8,62994
M0824,Pick new,2016,167,Thriller,German,Spain,8.9,21683
M0825,Late the,2007,108,Horror,Spanish,USA,9.7,85057
M0826,Manager,2010,88,Thriller,Hindi,Spain,6.9,36969
M0827,Character provide goal,2006,74,Action,German,France,2.6,87207
M0828,Decision state month against,1989,64,Sci-Fi,Japanese,USA,9.3,48888
M0829,Pull American,1994,120,Crime,Korean,USA,5.5,21565
M0830,Win pick item,2021,91,Comedy,French,Spain,3.9,43847
M0831,Song table kid,1981,172,Drama,German,China,6,14385
M0832,As rather work,2014,134,Action,Mandarin,Germany,9.8,89307
M0833,Sport wear read,1991,178,Action,Korean,Canada,7.6,27610
M0834,Week,2021,178,Crime,Japanese,UK,2.6,88730
M0835,Free both,2007,176,Horror,Japanese,China,2.6,89371
M0836,Ten edge prove,2014,72,Documentary,Hindi,South Korea,3.6,36135
M0837,Tax feeling affect,2001,61,Documentary,Japanese,USA,7.9,79571
M0838,Walk she real,1982,70,Comedy,Spanish,Japan,5.4,74825
M0839,Travel way,1987,126,Action,French,Canada,3.7,19905
M0840,City catch instead,2017,131,Action,German,USA,3.5,1854
M0841,Sort road,2007,151,Comedy,Spanish,Canada,7.3,95552
M0842,Rather cell,1995,109,Drama,English,Canada,6.1,26475
M0843,Open per,2005,102,Horror,Japanese,India,7.5,14715
M0844,In sit natural,1996,72,Documentary,Spanish,Japan,6.5,30470
M0845,Market financial,2003,60,Horror,Mandarin,UK,4.7,84777
M0846,Investment wind friend,2013,130,Fantasy,German,India,7.9,48053
M0847,Cell quite computer,2005,81,Horror,Korean,Spain,5.7,49852
M0848,Total I level,2008,145,Fantasy,Korean,USA,8.7,12256
M0849,Just smile,1996,106,Romance,German,China,1.5,97604
M0850,Throw whose I,1997,65,Thriller,Mandarin,South Korea,1.7,55397
M0851,Set,1983,86,Documentary,Spanish,Germany,6,52155
M0852,Enter treatment,2007,110,Documentary,Mandarin,Spain,3.6,27848
M0853,Attention international,2016,69,Comedy,Japanese,China,8.9,5100
M0854,Fear appear federal people,1984,108,Thriller,Spanish,France,6.8,32105
M0855,Wish free imagine build,1984,65,Crime,Hindi,Canada,9.2,95538
M0856,Bring,2002,76,Documentary,Hindi,China,2.1,19206
M0857,Better tough service,2012,138,Crime,English,India,6.4,80842
M0858,Just institution human,1989,159,Drama,Spanish,India,2.7,50680
M0859,Continue son audience,1996,72,Thriller,German,China,4.6,80711
M0860,Police difference,1990,88,Fantasy,French,India,1.4,12987
M0861,Miss begin,1996,88,Comedy,Japanese,Spain,4,66373
M0862,Memory reach Congress,1993,72,Documentary,French,India,2.7,84200
M0863,Wrong,1987,156,Fantasy,Spanish,Germany,2.7,52930
M0864,Eye wish she cost,2013,128,Fantasy,Japanese,Japan,5.6,31468
M0865,Look debate project,2024,85,Thriller,Japanese,Canada,2.5,9508
M0866,Federal still,2011,151,Crime,Korean,India,2.6,46471
M0867,Voice son think,1990,105,Action,Korean,China,2.8,52412
M0868,Manage allow,1987,110,Action,Korean,USA,6.9,14074
M0869,Pass,1982,108,Drama,Hindi,France,2.8,29829
M0870,Step service,2019,60,Horror,German,Canada,8.2,46063
M0871,Throw decide question skill,2016,160,Thriller,Korean,USA,1.7,29814
M0872,Accept quickly allow,2021,88,Action,German,Spain,3,67958
M0873,Month role,2013,103,Thriller,Korean,UK,2.8,18763
M0874,You away,2006,142,Action,Hindi,USA,7.5,2614
M0875,Anything work,1980,102,Crime,Spanish,Spain,8.1,84239
M0876,Raise he,1981,149,Comedy,Mandarin,USA,1.5,86357
M0877,Live,1991,109,Drama,Hindi,France,2.5,71990
M0878,Suggest fish security,2004,112,Crime,Korean,Spain,1.7,75791
M0879,Mrs them serious,2013,162,Documentary,Mandarin,Spain,5.3,19012
M0880,Property energy down,2013,125,Thriller,French,India,2.3,26683
M0881,Save space best,1995,153,Romance,English,South Korea,5.9,24793
M0882,Traditional,1991,160,Romance,Mandarin,India,7.5,67698
M0883,Never seven get win,1992,114,Action,Japanese,France,1.5,26579
M0884,Far stage standard,1992,97,Horror,German,Japan,8.4,45804
M0885,Statement attorney hotel,1997,68,Sci-Fi,Japanese,Spain,1.6,79453
M0886,Party suggest,1988,105,Horror,German,UK,8.5,32887
M0887,Image range end,1985,138,Horror,German,China,2.4,3065
M0888,Probably,2007,91,Comedy,French,India,5.7,92173
M0889,Draw almost work,1981,67,Horror,Japanese,China,7.8,83160
M0890,Eye community yeah,2009,118,Action,Japanese,Canada,4.9,68385
M0891,Low party drive yes,1989,75,Action,Japanese,India,4.1,49433
M0892,Wish science,2001,149,Sci-Fi,English,Canada,2.9,32463
M0893,Owner effect paper,2007,112,Crime,Japanese,UK,8,3553
M0894,Listen similar same,2020,118,Romance,Mandarin,USA,7.3,38473
M0895,Assume sense,1986,124,Fantasy,Hindi,Japan,9.9,65273
M0896,Authority area,2001,108,Romance,Korean,Canada,1.8,98275
M0897,Accept laugh protect,2015,89,Fantasy,Japanese,France,8.8,76795
M0898,Here heart,1987,132,Horror,German,China,5.2,2636
M0899,Glass,2013,70,Comedy,Japanese,UK,1.5,83876
M0900,Best peace,2009,138,Fantasy,French,France,4.6,20600
M0901,Style usually,2005,160,Documentary,Mandarin,Canada,7.5,47544
M0902,Brother any,2016,96,Thriller,English,UK,3.5,47711
M0903,Various police campaign,1995,169,Thriller,Japanese,Japan,3.4,35553
M0904,Reason continue million,1981,73,Action,French,Japan,9.3,51139
M0905,Deal party understand,1981,140,Sci-Fi,French,France,6.7,78309
M0906,Red beautiful think use,1993,113,Documentary,German,Germany,4.5,20227
M0907,Available lead,2019,133,Crime,Mandarin,China,9.9,4695
M0908,Seat else third,1986,151,Crime,Japanese,China,5.3,71505
M0909,Exist instead,1988,120,Thriller,French,China,4.1,99691
M0910,Thank relationship,1999,150,Romance,Korean,Japan,2.7,64431
M0911,Up section television,2006,146,Fantasy,French,Germany,4.2,8560
M0912,Down any age,1996,135,Thriller,French,South Korea,2.7,31558
M0913,High participant,1989,78,Sci-Fi,Hindi,Canada,9.6,33472
M0914,Relationship above,1983,176,Crime,Japanese,Canada,4.6,44919
M0915,Dinner notice statement,2018,73,Fantasy,Korean,China,2.2,38467
M0916,North watch letter,1997,126,Thriller,Hindi,India,9.8,62780
M0917,Oil foreign like,1990,106,Fantasy,German,India,6,79225
M0918,Network push,1999,60,Crime,Japanese,UK,9.6,66395
M0919,Safe almost news,2023,154,Thriller,English,Canada,8.8,56448
M0920,College thousand,1985,120,Crime,French,Canada,8.4,67398
M0921,System customer,1985,168,Crime,English,France,8.5,19207
M0922,By line she,2011,180,Horror,Japanese,Germany,6.3,5149
M0923,Help arm,1993,130,Documentary,German,Germany,8.1,10673
M0924,Will step policy front,2009,175,Action,Mandarin,South Korea,9.7,13610
M0925,First machine figure research,1980,177,Crime,Spanish,India,6.3,84685
M0926,Foot talk course,1998,154,Fantasy,Mandarin,France,2.6,99237
M0927,Behavior data let,1981,149,Thriller,French,Spain,1.2,69377
M0928,Heavy apply,2003,62,Crime,Hindi,South Korea,1.1,44163
M0929,Between left black,2019,118,Comedy,Japanese,France,2.5,65198
M0930,Green war believe,2004,160,Horror,Spanish,UK,9.4,56461
M0931,Play best do,1986,140,Drama,French,Spain,9.3,26176
M0932,Page suggest easy,1992,168,Fantasy,Hindi,Canada,9.6,71281
M0933,Evening,1998,126,Drama,French,China,3.4,7486
M0934,From image tend,1987,135,Romance,French,Germany,2.9,84924
M0935,Industry start,2004,168,Action,English,UK,3.7,33333
M0936,Knowledge lead,2005,120,Documentary,Spanish,Spain,2.7,84009
M0937,Little nature,1989,65,Fantasy,German,China,4.5,34097
M0938,Travel bad should,1984,74,Comedy,German,Germany,2.4,10818
M0939,Front cost,2017,100,Crime,French,China,1.4,45630
M0940,Probably defense family,2000,134,Crime,Japanese,China,5.4,54307
M0941,Value herself,2009,76,Sci-Fi,German,UK,3.5,22437
M0942,This must through sound,1999,103,Crime,French,Spain,4.7,96185
M0943,Light clear full,2002,142,Horror,Mandarin,Spain,5.4,45109
M0944,Medical sea,1980,162,Romance,Hindi,Japan,9.5,25757
M0945,Television collection,2007,124,Action,Japanese,Japan,8.3,36837
M0946,Message single adult,2023,87,Documentary,German,Spain,2.5,28920
M0947,Style bar probably,2005,156,Documentary,German,India,4.5,54576
M0948,Road financial,1984,145,Action,German,USA,6,96233
M0949,Clear particularly skin,2000,100,Comedy,German,France,7.5,70346
M0950,Sing I sit,1992,117,Documentary,Korean,Spain,6.1,33255
M0951,Election rock site different,2024,173,Sci-Fi,Spanish,South Korea,3.1,42389
M0952,And build,1981,174,Drama,Korean,Spain,8.7,79568
M0953,Clear case,1983,160,Romance,French,Germany,2.2,66767
M0954,Organization population interesting between,1984,89,Horror,English,India,4.5,34197
M0955,Business news,2015,139,Drama,Spanish,France,3.1,3669
M0956,Company a whatever street,1992,106,Documentary,Japanese,Japan,8.2,33821
M0957,Often attack treat,2017,87,Documentary,Korean,USA,1.6,83830
M0958,Growth simple ahead,2022,63,Crime,French,Spain,7.1,75518
M0959,Drop why pattern agreement,2019,60,Crime,Japanese,China,8.7,63767
M0960,Such against world,2021,151,Documentary,French,Canada,9.4,86396
M0961,Police body,2012,172,Fantasy,Spanish,Germany,4.4,34461
M0962,Protect minute,2005,76,Action,Korean,China,1.7,45431
M0963,First woman we,1995,165,Horror,German,UK,8.6,61694
M0964,Current north air,2023,157,Romance,Korean,France,4.6,88619
M0965,Up from other PM,1987,175,Crime,Spanish,Spain,7.1,32123
M0966,Today management,1998,147,Action,Japanese,India,3.3,72047
M0967,Interest attention,1983,95,Thriller,English,Germany,5.7,56381
M0968,Ahead religious hotel,2024,140,Documentary,Japanese,UK,4.8,26147
M0969,Spend Congress same,2010,86,Documentary,Japanese,Germany,6.8,78752
M0970,By perform,2024,64,Horror,Mandarin,USA,2.5,94967
M0971,Light language case,1990,91,Fantasy,Korean,Japan,9.7,7047
M0972,Build without left,1995,128,Fantasy,German,China,2.2,93288
M0973,Tv clearly,1985,114,Documentary,English,USA,1.6,6353
M0974,Large well assume,2020,64,Romance,French,Japan,8.3,85979
M0975,Street political bill,1983,146,Romance,English,Canada,1.8,14496
M0976,Activity box,1991,155,Drama,Hindi,USA,9,31899
M0977,Almost investment,1981,139,Romance,Korean,Canada,2.8,89850
M0978,Most day,1981,175,Documentary,Hindi,Japan,7.3,63375
M0979,Beat win,2002,115,Thriller,Hindi,India,2.9,30790
M0980,Computer measure democratic,2008,118,Fantasy,Spanish,India,4.8,35563
M0981,Grow issue,1996,108,Horror,Spanish,France,8.3,82885
M0982,Kind never,1999,148,Horror,Korean,Japan,8.2,49964
M0983,Pressure near industry,1997,79,Romance,Japanese,Spain,2.2,4513
M0984,Black best nearly,2000,177,Fantasy,Korean,Spain,9.2,96237
M0985,Those data,2021,70,Fantasy,Hindi,Canada,2.8,44860
M0986,Listen red,2015,141,Comedy,Hindi,South Korea,7.6,84911
M0987,End later exactly,1997,135,Comedy,Korean,India,5.3,80147
M0988,Perhaps already,2014,137,Comedy,Korean,UK,5.1,44150
M0989,Amount concern,2007,116,Crime,Spanish,Germany,8,89248
M0990,Technology these response,1985,63,Comedy,Korean,France,7.1,25584
M0991,Fill successful energy,2016,115,Thriller,Hindi,France,8.6,63619
M0992,Dinner cell ten,1993,89,Comedy,English,Germany,2.3,13825
M0993,Far way year,1987,67,Comedy,Hindi,UK,2.1,45028
M0994,As also edge,2022,142,Romance,German,Germany,6.1,81321
M0995,Think pressure yourself,2018,92,Thriller,German,France,3.2,58966
M0996,Enough leave,2021,138,Romance,French,India,7.2,35435
M0997,Woman prove,2013,99,Romance,French,Japan,9.9,52694
M0998,Really truth current,2007,137,Horror,French,France,2.8,13032
M0999,Late group,1989,150,Comedy,Mandarin,China,9.1,33895
M1000,Might create,2017,75,Action,Mandarin,Canada,9.3,57335
